runid,0,1,2,3,4,5,6,7,8,9,10,11,12,13,14,15,16,17,18,19,20,21,22,23,24,25,26,27,28,29,30,31,32,33,34,35,36,37,38,39,40,41,42,43,44,45,46,47,48,49,50,51,52,53,54,55,56,57,58,59,60,61,62,63,64,65,66,67,68,69,70,71,72,73,74,75,76,77,78,79,80,81,82,83,84,85,86,87,88,89,90,91,92,93,94,95,96,97,98,99,100,101,102,103,104,105,106,107,108,109,110,111,112,113,114,115,116,117,118,119,120,121,122,123,124,125,126,127,128,129,130,131,132,133,134,135,136,137,138,139,140,141,142,143,144,145,146,147,148,149,150,151,152,153,154,155,156,157,158,159,160,161,162,163,164,165,166,167,168,169,170,171,172,173,174,175,176,177,178,179,180,181,182,183,184,185,186,187,188,189,190,191,192,193,194,195,196,197,198,199,200
1,47,48,49,50,50,51,51,51,52,53,53,53,53,53,53,54,55,56,57,58,59,60,60,60,60,60,61,62,62,62,62,62,62,63,64,64,64,65,65,65,65,65,65,66,66,66,66,66,66,66,66,66,66,66,66,66,67,68,68,68,69,69,69,69,69,70,71,71,71,71,72,72,72,72,73,74,74,74,75,76,77,77,78,78,78,79,79,79,79,80,80,81,82,82,82,82,82,82,82,82,82,82,82,83,83,83,83,83,83,83,83,83,83,83,84,85,85,85,85,86,86,87,88,88,88,88,89,89,89,89,89,89,89,89,89,89,90,90,90,90,90,90,90,90,90,90,90,90,90,90,90,90,90,90,90,90,90,90,90,90,90,90,90,91,91,91,91,91,91,91,91,91,91,91,92,92,92,92,93,93,93,93,93,93,93,93,93,93,93,93,93,93,93,93,93,93,93,93,93,93,93
2,61,61,61,61,61,61,62,62,63,63,63,63,63,63,63,63,64,64,65,66,66,66,66,67,67,68,69,69,69,69,69,70,71,72,72,72,72,72,72,72,73,73,74,74,74,74,74,74,74,75,75,75,75,75,75,76,76,76,76,77,78,78,79,80,80,80,81,81,81,82,82,82,82,83,84,85,85,85,85,85,85,85,85,85,86,86,86,86,86,86,86,86,86,87,87,87,87,87,87,87,87,87,88,88,88,88,88,88,88,88,88,89,89,89,89,89,90,90,90,90,90,90,90,90,90,90,91,91,91,91,91,91,92,92,92,92,93,93,93,93,93,93,93,93,93,93,93,94,94,94,94,94,94,94,94,94,94,94,94,94,94,94,94,94,94,94,94,94,94,94,94,94,94,94,94,94,94,94,94,94,94,94,94,94,94,95,95,95,95,95,95,95,95,95,96,96,96,96,96,96,96
3,61,61,62,63,63,64,64,64,65,65,66,66,66,66,67,67,68,68,69,69,69,69,69,70,71,71,72,72,72,72,73,73,73,74,74,74,74,74,75,75,76,76,76,76,76,76,76,77,77,78,79,80,80,80,80,80,80,80,80,80,80,80,81,82,82,82,82,82,82,82,82,82,82,82,83,83,84,84,85,85,85,85,85,85,85,85,85,85,85,85,85,85,85,86,87,87,87,87,87,87,87,87,87,87,88,88,88,88,88,88,88,88,88,88,88,88,88,89,89,89,89,89,89,89,89,89,89,89,89,89,89,90,90,90,90,90,90,90,90,90,90,91,91,91,91,91,91,91,91,92,92,92,92,92,92,92,92,92,92,92,92,92,92,92,92,92,92,92,92,92,92,92,92,92,93,93,93,94,94,94,94,94,94,94,94,94,94,94,94,94,94,94,94,94,94,94,94,94,94,94,94
4,49,49,49,50,51,51,52,53,53,54,54,55,55,55,55,55,55,55,56,57,58,59,59,60,60,60,60,61,62,63,64,64,64,64,64,64,64,65,65,65,65,65,65,66,67,67,67,68,68,68,68,68,68,68,69,70,71,72,73,73,73,73,74,75,76,76,76,77,77,77,77,78,78,78,79,79,79,79,79,79,79,79,79,79,80,80,80,80,80,81,81,81,81,81,82,82,82,83,84,84,84,84,85,85,85,85,85,86,86,86,86,86,86,86,86,86,86,86,86,86,86,86,87,87,87,88,89,89,89,90,90,90,90,90,91,91,91,91,92,92,92,92,92,92,92,92,92,92,92,93,93,93,94,95,95,95,96,96,96,96,96,96,96,96,97,97,97,97,97,97,97,97,97,97,97,97,97,97,97,97,97,97,97,97,97,97,97,97,97,97,97,97,97,97,97,97,97,97,97,97,97
5,46,47,47,47,48,49,50,50,51,52,52,52,52,53,54,55,56,57,57,57,57,57,58,58,58,59,59,59,59,59,60,61,62,63,64,65,66,66,67,67,67,68,69,69,69,69,69,69,69,70,71,71,71,71,71,71,72,73,74,74,74,74,74,74,75,76,76,76,77,78,79,79,79,79,80,80,80,81,82,82,82,82,82,82,82,83,84,84,84,84,85,85,85,85,85,85,85,86,87,87,87,87,87,87,87,87,88,88,88,88,88,88,88,88,89,89,89,89,89,89,89,89,89,89,89,89,89,89,89,89,89,89,89,89,89,90,90,90,90,90,90,90,90,90,90,90,90,91,91,91,92,92,92,92,92,92,92,92,92,92,92,92,93,93,93,93,93,93,93,93,93,94,94,95,95,95,95,95,95,95,95,95,95,95,95,95,95,96,96,96,96,96,96,96,96,96,96,96,96,96,96
6,47,47,48,48,48,48,49,50,50,50,51,51,52,52,52,53,54,54,54,55,56,56,57,57,58,59,59,59,59,59,60,61,61,62,63,64,64,65,65,65,65,66,66,66,66,66,67,67,67,68,69,69,69,69,69,69,70,70,70,70,71,71,71,71,71,71,71,71,71,72,72,72,72,72,72,72,72,72,72,72,72,72,72,72,72,72,72,72,72,72,72,72,72,72,72,73,73,73,73,73,73,73,74,74,74,74,74,74,75,76,76,76,76,76,76,76,76,76,77,78,78,78,78,78,78,78,78,78,78,78,78,78,78,79,80,80,80,80,80,80,80,80,80,80,80,80,80,80,81,81,81,81,81,81,81,81,81,81,82,82,82,82,82,82,82,82,82,82,82,82,82,82,83,83,83,83,83,84,84,84,84,84,84,84,84,84,84,84,84,84,85,85,85,86,86,86,86,86,86,86,86
7,48,48,49,49,49,50,50,51,51,51,51,52,52,52,53,54,54,54,54,54,54,54,54,54,54,55,55,56,57,57,58,58,58,58,58,58,58,59,60,61,61,61,61,61,61,62,63,64,64,65,65,65,65,66,67,67,67,67,67,67,67,67,67,67,68,69,69,69,70,71,72,73,73,73,73,73,74,74,74,74,75,75,75,76,76,77,78,78,79,79,79,80,80,80,80,80,80,80,80,80,81,82,83,83,83,83,83,83,83,83,83,83,83,83,83,84,84,84,84,84,85,85,85,85,85,86,86,86,87,87,88,88,88,88,88,88,88,88,88,88,88,88,88,88,88,88,89,89,89,90,90,90,90,90,90,90,90,90,90,91,91,91,91,92,92,92,92,92,92,92,92,92,92,92,92,92,93,93,94,94,94,94,94,94,94,94,94,94,94,94,94,94,94,94,94,94,94,94,94,94,94
8,48,48,48,49,49,50,50,50,51,52,52,53,53,53,54,54,54,55,56,57,57,57,57,58,58,58,59,59,60,60,61,61,62,63,64,64,64,64,64,64,64,64,64,64,64,65,65,65,66,66,67,67,67,68,68,68,68,68,69,69,69,69,70,71,71,71,72,72,73,73,73,74,74,74,74,75,76,76,76,76,77,77,77,77,77,77,77,78,78,79,79,79,79,79,79,80,81,82,82,83,83,83,83,83,83,83,83,83,83,83,83,84,84,84,84,84,84,84,84,84,84,84,84,84,84,85,85,85,85,85,85,85,85,85,85,85,85,85,85,85,86,86,86,86,86,86,87,87,87,87,87,87,88,88,88,88,88,88,88,88,88,88,88,88,88,88,88,88,89,89,89,89,89,89,89,90,90,90,90,91,91,91,91,91,91,91,91,91,91,91,91,91,91,91,91,91,91,91,91,91,91
9,45,46,47,48,48,49,49,50,50,50,51,52,53,53,54,55,55,56,56,56,56,57,57,57,58,58,59,59,60,60,61,61,61,62,63,63,64,64,65,65,65,65,65,66,66,66,66,67,67,67,67,67,67,67,67,68,68,68,68,69,69,70,70,70,71,71,71,71,71,71,71,71,71,71,71,71,71,71,72,72,72,73,73,73,73,73,73,74,74,75,75,76,77,77,77,77,77,77,77,77,77,77,77,77,77,78,79,79,80,81,81,81,81,81,81,81,81,81,82,82,82,82,82,82,82,82,83,84,84,84,84,84,84,84,84,84,85,85,85,85,85,85,85,85,85,85,85,85,85,85,85,85,86,86,86,86,86,86,86,86,86,86,86,86,86,86,86,86,87,87,87,87,87,87,87,87,87,88,88,88,88,88,89,89,89,89,89,89,89,89,89,89,89,89,89,89,89,89,89,89,89
10,53,53,53,54,54,54,55,55,55,55,55,55,55,56,56,56,56,57,58,59,59,60,60,60,60,60,61,61,61,62,62,62,62,62,62,63,63,63,63,64,65,65,65,65,65,66,66,67,67,67,67,68,68,68,68,69,70,70,70,71,71,72,72,72,72,72,72,73,73,74,74,74,75,75,75,75,75,76,77,77,77,77,77,77,77,77,77,78,78,78,78,79,79,79,80,80,80,80,80,80,80,80,80,80,80,81,81,81,82,82,82,82,83,83,83,83,83,83,83,83,83,83,83,83,83,83,84,84,85,85,85,85,85,85,85,85,85,85,85,85,85,85,86,87,87,88,88,88,89,89,89,89,89,89,89,89,90,90,90,90,90,90,90,90,90,90,90,90,90,90,90,90,90,90,90,91,91,91,91,91,91,91,92,92,92,92,92,92,92,92,92,92,92,92,92,92,92,92,92,93,94
11,48,49,50,50,50,50,50,51,51,51,52,53,54,55,56,56,56,56,56,57,57,58,58,59,59,59,59,60,61,62,62,62,62,62,63,64,65,66,67,67,68,68,68,68,68,69,70,71,71,71,72,72,72,73,73,73,73,73,73,73,73,73,74,74,74,74,74,74,74,74,75,75,75,75,75,76,76,76,76,77,77,77,78,78,78,78,79,80,80,80,80,80,80,80,80,81,82,82,82,82,82,83,83,83,84,84,84,84,85,86,86,86,86,87,87,87,87,87,88,88,89,89,89,89,89,89,89,89,89,90,90,90,90,90,90,90,90,90,90,90,90,90,90,90,91,91,91,91,91,91,91,91,91,91,91,91,91,91,91,91,92,92,92,92,92,92,92,92,92,92,92,92,93,93,93,93,93,93,93,93,93,93,93,93,93,93,93,93,93,93,93,93,93,93,93,93,94,94,94,94,94
12,55,56,56,56,57,58,59,59,60,60,60,60,60,60,60,60,61,61,61,62,62,62,63,64,65,66,66,67,68,68,68,68,68,68,69,70,70,70,71,71,72,72,72,72,72,73,73,74,75,75,76,76,76,76,76,76,76,76,76,76,76,77,78,78,78,78,78,79,80,80,80,80,80,80,80,80,80,80,80,80,80,80,80,80,80,80,80,80,80,80,80,80,80,80,80,80,80,81,81,81,81,81,81,81,82,82,82,82,82,82,82,82,82,82,82,82,82,82,82,82,82,82,83,83,84,84,85,85,85,85,85,86,86,86,86,86,86,86,86,86,86,86,86,86,86,86,87,87,87,88,88,88,88,88,88,88,88,88,88,88,88,88,88,88,88,88,88,88,88,88,88,89,89,89,89,90,91,91,91,91,91,91,91,91,91,91,91,91,92,92,92,92,92,92,92,92,92,92,92,92,92
13,44,45,45,45,46,46,46,46,46,46,47,47,47,47,48,48,49,50,50,51,52,52,52,52,53,54,55,56,56,57,58,58,58,58,59,60,61,61,61,61,61,62,63,64,64,64,64,65,65,65,65,65,65,65,66,66,67,68,68,68,68,68,69,69,70,71,71,71,72,72,73,73,73,73,73,73,73,73,73,74,74,74,75,75,75,75,75,76,76,76,76,76,76,76,77,77,78,78,79,79,79,79,79,80,80,80,80,80,81,81,82,83,83,83,83,83,83,83,83,83,83,83,83,83,83,83,83,83,84,84,84,84,84,84,84,84,85,85,85,85,85,85,86,86,87,88,89,89,89,89,89,89,89,89,89,89,89,89,89,89,89,89,89,89,89,89,90,90,90,90,90,90,90,90,90,90,90,90,90,90,90,90,90,90,91,91,92,92,92,92,92,92,92,92,92,92,92,92,93,93,93
14,53,53,53,53,54,54,54,54,55,56,56,57,57,57,58,58,59,60,60,61,62,63,64,64,64,65,65,65,65,65,66,67,67,67,67,67,67,68,68,69,70,70,70,70,70,70,71,71,72,72,72,72,73,73,73,73,73,73,73,74,74,74,74,75,75,75,75,75,75,75,75,75,75,76,76,76,77,77,78,78,78,79,79,79,80,81,81,81,81,81,82,82,82,82,82,82,83,83,83,83,83,83,83,83,83,83,84,84,84,84,84,84,84,84,84,84,84,84,84,84,84,84,85,85,85,85,85,85,85,85,86,86,86,86,86,86,86,87,87,87,87,87,87,87,87,87,87,87,88,88,89,89,89,89,89,89,89,89,89,90,90,90,90,90,90,90,90,90,90,90,90,90,90,91,91,91,91,91,91,91,91,92,92,93,93,93,93,93,93,93,93,93,93,93,93,93,93,93,93,93,93
15,45,46,47,48,49,50,50,51,52,52,53,53,54,54,55,55,56,56,57,57,58,59,60,61,61,62,62,62,62,63,63,63,63,63,63,63,63,64,64,64,64,64,65,65,65,66,66,66,66,66,66,67,67,67,67,67,68,69,69,69,70,70,70,70,70,70,70,71,71,71,72,72,73,73,73,74,74,74,74,74,75,76,77,78,78,78,79,79,79,79,80,81,82,82,82,82,82,83,84,84,84,85,86,86,86,86,86,86,86,86,86,86,86,86,86,86,86,86,86,86,86,86,87,87,87,87,87,87,87,87,87,87,87,87,87,87,87,87,87,87,87,87,87,87,87,87,87,87,87,87,87,87,88,88,88,88,88,88,88,89,89,90,90,91,91,91,91,91,91,91,91,91,91,91,91,91,91,91,91,91,91,91,91,91,91,91,91,91,91,91,91,91,91,91,91,92,92,92,92,92,92
16,57,57,57,58,59,60,61,62,62,62,62,62,62,62,62,62,62,63,64,64,65,65,66,67,67,67,68,68,68,69,69,69,69,69,69,70,70,70,70,70,71,71,71,72,72,73,74,74,74,75,76,76,76,77,78,79,79,80,80,80,80,80,81,81,81,81,81,81,81,81,82,82,82,82,83,83,83,83,84,84,84,84,85,86,86,86,87,87,87,88,88,88,88,88,88,88,88,88,88,88,89,89,89,89,90,90,90,90,90,90,90,90,90,90,91,91,92,92,92,92,92,92,92,92,93,93,93,93,93,94,95,95,95,95,95,95,95,95,95,95,96,96,96,96,96,96,96,96,96,96,96,96,96,96,96,96,96,96,96,96,96,96,96,96,96,96,96,96,96,96,96,96,96,96,96,96,97,97,97,97,97,97,97,97,97,97,97,97,97,97,97,97,97,97,97,97,97,97,97,97,97
17,52,53,53,54,55,56,57,58,59,59,59,59,59,59,60,60,61,61,62,62,63,63,63,64,65,65,65,65,66,66,67,67,68,68,68,69,70,71,71,72,72,73,73,74,74,74,75,75,75,76,76,76,76,76,76,77,78,78,79,79,80,80,80,80,81,81,82,83,84,84,85,85,85,86,86,86,86,86,86,86,86,86,86,86,86,86,86,86,86,86,86,86,87,87,87,87,87,87,87,87,87,87,87,87,87,88,88,89,89,89,90,90,90,90,90,90,90,90,90,90,91,91,91,91,91,91,91,91,91,91,91,92,92,92,93,93,93,93,93,94,95,95,95,95,95,95,95,96,96,96,96,96,96,96,96,96,96,96,96,96,96,96,96,96,96,96,96,96,96,96,96,96,96,96,96,96,96,96,96,96,96,96,96,96,96,96,96,96,96,96,96,96,96,96,96,96,96,96,96,96,97
18,44,44,45,45,46,47,47,47,48,48,48,48,49,50,50,51,51,51,51,51,51,51,52,52,53,54,55,55,55,55,56,56,56,57,58,58,59,59,59,59,59,59,59,59,59,60,61,62,62,62,62,63,64,65,66,66,66,66,66,66,66,66,66,67,67,67,67,68,68,69,70,71,71,71,71,71,72,72,72,72,72,72,73,74,74,74,74,74,74,74,74,75,75,76,77,78,78,78,79,79,79,79,79,79,79,79,79,79,79,80,80,80,80,80,80,80,81,81,81,81,81,81,81,81,82,82,82,82,82,83,83,83,84,84,84,84,84,84,85,86,86,86,86,87,87,87,88,88,88,88,88,88,88,88,88,88,88,88,88,88,88,88,88,88,89,89,89,89,90,90,90,90,90,90,90,90,90,90,90,91,91,91,92,92,92,92,92,93,93,93,93,94,94,94,94,94,94,94,94,94,94
19,54,54,54,54,55,55,55,56,56,57,58,58,59,60,61,61,61,61,61,61,61,61,62,62,62,63,63,64,65,65,65,65,65,65,65,65,65,66,67,67,67,67,68,68,68,69,69,69,69,69,69,69,69,70,70,70,70,71,71,71,71,72,72,72,72,72,72,72,72,72,72,73,74,74,74,74,75,75,75,75,75,75,75,75,75,75,75,75,75,75,75,76,76,76,76,77,77,78,79,79,79,79,79,79,80,81,81,82,82,82,83,83,83,83,83,83,84,84,85,85,85,85,85,85,85,85,85,85,86,86,86,86,86,86,86,86,86,86,86,86,86,86,86,87,87,87,87,87,87,87,87,87,87,87,87,87,87,87,87,87,87,87,87,87,87,87,87,87,87,88,88,88,89,90,90,90,90,90,90,90,90,90,90,90,91,91,91,91,91,92,92,92,92,92,92,92,92,92,92,93,93
20,42,43,43,44,44,45,45,45,45,45,45,46,46,47,48,48,48,49,50,51,51,51,51,52,53,53,54,55,55,56,56,56,56,56,56,57,57,57,58,58,59,59,60,60,60,60,61,62,63,63,63,63,64,64,64,64,65,65,66,67,67,68,68,68,69,70,70,70,70,70,70,71,71,72,73,74,74,74,74,75,75,76,76,76,76,76,76,76,77,77,77,77,77,77,77,77,77,77,77,78,78,78,78,78,78,78,78,78,78,78,78,78,79,79,79,79,79,79,79,79,80,80,80,80,80,80,80,81,81,82,82,82,82,82,82,82,82,82,82,82,82,82,82,82,82,82,82,82,82,82,83,83,84,84,84,84,84,84,84,85,86,86,86,86,87,87,87,87,87,87,87,87,87,87,88,88,88,88,88,88,88,88,88,88,88,88,88,88,88,89,89,89,89,89,89,89,89,89,90,90,91
21,56,57,58,58,58,59,60,60,60,60,60,60,61,62,62,62,62,62,62,62,62,63,63,64,65,66,66,66,67,68,69,69,69,69,70,70,70,71,71,71,71,72,72,72,72,72,72,73,73,74,74,74,74,74,75,75,76,76,76,77,77,78,78,78,78,78,78,78,78,78,79,79,79,79,79,79,79,79,79,80,80,80,81,82,82,82,82,82,83,83,83,83,83,83,83,83,83,83,83,83,83,83,83,84,84,84,84,84,84,84,84,84,84,85,86,87,87,87,87,87,87,87,88,88,88,88,88,88,88,88,88,88,88,88,88,88,88,88,88,88,88,88,88,88,89,89,89,89,90,90,90,90,90,90,91,92,92,92,93,93,93,93,93,93,93,93,93,93,93,93,93,93,93,93,93,94,94,94,94,95,95,95,95,96,96,96,96,96,96,96,96,96,96,96,96,96,96,96,96,96,96
22,52,52,52,52,52,52,53,54,54,54,54,55,55,55,55,55,56,56,57,57,58,58,59,59,59,59,60,60,60,60,60,60,60,60,60,61,61,61,62,62,62,63,64,64,64,64,65,65,66,66,66,66,67,67,68,69,70,70,71,71,71,72,73,73,73,74,75,75,75,75,75,75,76,76,76,76,76,76,76,76,76,77,77,77,77,77,78,78,78,79,79,79,79,79,79,79,79,79,79,79,79,79,80,80,80,80,80,80,80,80,80,80,81,82,82,82,83,83,83,83,83,83,83,83,83,83,83,83,83,83,83,83,83,83,83,84,84,84,84,84,85,86,86,86,87,87,88,88,88,88,88,88,88,89,90,90,90,90,90,90,90,90,90,90,90,90,90,90,90,90,90,91,91,91,92,92,92,92,92,92,92,92,92,92,92,92,92,92,92,92,92,92,93,93,93,93,93,94,95,96,96
23,50,50,50,51,52,53,54,55,56,56,56,56,56,57,57,58,58,58,58,58,58,58,59,59,60,61,62,62,62,63,63,63,64,65,66,66,67,68,69,69,69,69,69,69,70,70,70,70,71,71,72,73,74,74,74,74,75,75,76,77,77,78,79,79,80,81,81,82,83,83,83,84,85,85,86,86,86,86,86,86,86,86,86,86,86,86,86,86,86,86,86,86,86,86,86,86,86,86,86,86,86,86,86,86,86,87,87,87,88,88,89,89,89,90,90,90,91,91,91,91,91,91,91,91,92,92,92,92,92,92,92,92,92,93,93,93,93,93,93,93,93,93,93,93,93,93,93,93,93,93,93,93,93,93,93,93,93,93,93,93,93,93,93,93,93,93,94,94,94,94,94,94,94,94,94,94,94,94,94,94,94,95,95,95,95,95,95,95,95,95,95,95,95,95,95,95,95,95,95,95,95
24,58,59,60,60,60,60,61,61,62,63,63,63,63,63,63,63,64,64,64,64,64,64,64,65,65,65,66,66,66,66,67,68,69,69,69,69,69,70,70,70,70,70,70,70,70,70,71,71,71,71,71,72,73,73,73,73,74,74,74,74,75,75,75,75,75,75,76,76,76,76,77,77,77,77,77,77,77,77,77,77,77,77,77,77,78,79,79,79,79,80,80,80,81,81,81,82,82,82,82,83,83,83,84,84,85,85,85,85,85,85,85,85,85,85,85,85,85,85,85,85,85,85,85,85,85,85,85,86,86,86,86,87,87,87,88,88,88,88,88,88,89,89,90,91,92,92,92,92,92,92,92,92,92,92,92,92,92,92,92,92,92,92,92,92,92,92,92,92,92,92,92,92,92,92,92,92,92,92,92,93,93,94,94,94,94,95,95,95,96,96,96,96,97,97,97,97,97,97,97,97,97
25,54,55,56,56,56,56,56,56,57,58,59,59,59,60,61,61,61,62,63,63,63,63,63,64,64,64,65,65,65,66,67,67,67,67,67,68,68,69,69,69,69,69,69,69,69,69,69,70,70,71,71,72,72,72,72,72,72,73,73,74,74,75,76,76,76,76,77,77,77,77,77,77,77,78,78,78,78,78,78,78,79,79,80,80,80,80,80,80,80,80,81,81,81,81,81,81,81,81,82,82,83,83,84,84,84,85,85,85,85,85,85,85,86,87,88,88,89,89,89,89,89,89,89,89,89,89,89,89,89,89,89,89,89,89,89,89,89,89,89,89,89,89,89,89,89,89,89,89,90,90,90,90,90,90,91,91,91,91,91,91,91,91,91,91,91,91,91,91,91,91,91,91,91,91,91,91,91,91,91,91,91,91,91,91,91,92,92,92,92,92,92,92,92,92,93,93,93,93,93,93,93
26,52,52,52,53,53,53,54,55,56,57,58,59,59,59,59,59,60,60,60,61,62,63,63,63,63,64,65,66,66,66,66,66,66,67,67,68,68,68,68,69,69,69,69,69,69,70,70,70,70,70,70,70,70,70,70,71,71,71,71,71,72,72,72,73,73,73,73,74,75,75,76,76,77,77,77,77,77,77,77,78,78,78,78,78,78,78,78,79,79,79,79,79,79,80,80,80,81,81,82,82,83,83,83,83,83,83,83,83,83,83,83,83,83,83,83,83,84,85,85,85,85,85,85,85,85,85,85,86,87,87,87,87,87,88,88,88,88,88,88,88,88,88,88,88,88,88,88,88,89,89,89,89,89,89,89,89,89,89,89,89,89,89,89,90,91,91,91,91,92,92,92,92,92,92,92,92,92,92,92,92,92,93,93,93,94,94,94,94,95,95,95,95,95,95,95,95,95,95,95,95,95
27,53,54,54,54,55,55,56,56,56,56,57,58,59,59,60,60,60,61,62,63,64,65,65,65,66,66,67,67,67,67,68,68,68,69,69,70,70,70,71,71,72,73,73,74,74,74,74,74,75,75,76,76,76,76,76,76,76,76,76,77,77,77,77,78,78,78,78,79,79,79,79,80,81,81,81,81,81,82,83,83,83,83,83,83,83,83,83,83,83,83,84,84,84,84,84,84,85,85,85,85,85,85,85,86,87,88,88,89,89,89,89,89,89,89,89,89,89,89,89,89,90,90,90,91,91,91,91,91,91,91,91,91,91,91,91,91,91,91,91,91,91,91,91,91,91,91,91,92,92,92,92,92,92,92,92,92,92,92,92,92,92,92,92,92,92,92,92,92,92,92,92,92,92,92,92,93,93,93,93,93,93,93,93,93,93,93,93,93,93,93,93,93,93,93,93,93,93,93,93,93,93
28,46,46,46,47,48,49,50,50,50,50,50,50,51,52,52,53,53,53,53,53,54,54,54,54,55,56,56,57,57,57,58,59,59,59,60,61,62,63,64,64,65,65,65,65,65,65,65,66,67,67,67,68,68,68,68,68,68,68,68,69,69,69,69,70,71,71,71,71,71,72,73,73,74,74,75,75,75,75,75,76,77,77,77,78,78,78,78,79,80,80,80,80,81,81,81,81,81,81,81,81,82,82,82,83,83,83,83,83,83,83,83,83,83,83,83,83,83,83,83,83,83,83,83,83,83,83,84,85,86,86,86,86,86,86,87,87,87,87,87,87,87,87,87,88,88,88,88,88,88,88,88,89,90,90,90,90,90,90,90,90,90,90,90,90,90,90,90,90,90,90,90,90,90,91,91,91,91,91,91,91,91,91,91,92,92,92,92,92,92,92,92,92,92,92,92,92,92,92,92,92,93
29,51,51,52,53,53,53,53,53,53,54,54,54,54,54,54,55,56,56,56,56,56,56,57,57,58,58,58,58,58,58,59,60,60,61,61,62,63,63,63,63,63,64,65,65,65,65,65,65,65,65,65,66,66,66,67,67,68,68,68,68,69,70,70,71,72,72,72,72,73,73,73,73,73,73,74,74,74,74,75,75,75,75,75,75,75,75,75,76,76,76,77,77,77,77,77,77,77,77,78,79,80,80,80,81,81,81,81,81,81,81,81,81,81,81,81,82,82,83,83,83,84,84,84,84,84,85,85,85,85,85,85,85,85,85,85,85,85,85,85,85,85,85,85,85,85,86,86,86,86,86,86,86,86,86,87,87,87,87,87,87,87,87,88,88,88,88,88,88,88,89,89,89,89,89,89,89,90,90,91,91,91,91,91,91,91,91,92,92,93,93,93,93,93,93,93,93,93,93,93,93,93
30,40,41,42,42,43,43,44,44,44,44,45,46,46,46,46,47,47,47,47,47,48,49,50,50,50,51,51,52,53,53,53,53,53,54,55,56,57,57,58,58,59,59,60,61,62,62,62,62,62,62,62,63,64,64,64,65,66,67,68,69,70,70,70,71,72,72,72,72,73,73,74,74,74,74,74,74,74,74,74,75,75,75,75,75,76,76,76,77,77,77,77,77,78,78,78,78,79,79,79,79,79,79,79,79,79,80,81,82,82,82,82,82,82,82,83,83,83,83,83,83,83,84,84,84,84,84,84,84,84,84,84,84,84,84,84,84,84,84,84,84,84,85,85,85,86,86,86,86,86,86,86,86,86,86,86,86,86,86,87,87,87,87,87,87,87,88,88,88,88,88,88,89,89,89,89,89,89,89,89,90,90,90,90,91,91,91,91,91,91,91,92,92,92,92,93,94,94,94,94,94,94
31,59,59,59,59,59,59,60,60,60,61,62,63,63,63,63,63,64,64,65,65,65,66,66,67,67,67,67,67,67,67,67,67,67,67,68,68,68,68,68,68,69,69,70,70,71,71,71,71,71,72,72,73,74,74,75,75,75,76,76,76,77,77,77,77,77,77,77,78,78,78,78,78,78,78,78,79,79,80,80,81,82,82,82,82,82,82,82,83,83,83,84,84,84,85,85,85,85,85,85,85,85,86,87,87,87,87,87,87,88,88,88,88,88,88,88,88,88,88,88,88,88,88,88,88,88,88,89,89,89,89,89,89,89,89,89,89,89,90,90,90,90,90,90,90,90,90,90,90,90,91,91,91,91,91,91,92,92,92,92,92,92,92,92,92,92,93,93,94,94,94,94,94,94,94,94,94,94,94,94,94,94,94,94,94,95,95,95,96,96,96,96,96,96,96,96,96,96,96,96,96,96
32,56,57,57,57,58,58,59,59,59,59,59,59,60,60,60,60,60,60,60,61,61,62,62,62,62,63,64,65,66,67,67,67,67,68,68,68,68,69,69,69,69,69,69,70,70,70,70,70,70,71,71,71,71,71,71,72,72,72,72,73,74,74,74,74,74,74,74,74,75,75,75,76,76,76,76,76,76,76,76,77,78,78,78,79,79,79,79,79,79,80,80,80,80,80,81,81,81,81,81,82,82,82,82,82,82,82,82,82,82,82,82,82,82,82,83,83,83,83,83,83,84,84,84,84,84,84,84,84,84,84,84,84,84,84,84,84,84,85,85,85,85,85,85,85,85,86,86,86,86,86,86,86,86,86,86,86,87,87,87,87,87,87,87,87,88,88,88,88,88,88,89,89,89,89,89,89,89,89,89,89,89,89,89,89,89,90,90,90,90,91,91,91,91,91,91,91,91,91,91,91,91
33,56,57,57,57,57,57,58,58,58,59,59,59,59,59,59,60,60,60,60,60,60,61,61,61,61,62,62,62,63,64,65,65,66,66,66,66,66,67,68,68,69,69,69,70,70,70,70,70,70,70,70,71,72,72,72,73,73,73,73,73,74,74,75,75,75,76,76,76,76,76,77,77,77,77,77,77,78,78,78,78,78,78,78,78,79,79,79,79,79,79,79,79,79,79,80,80,80,80,80,81,81,82,82,82,83,83,83,83,83,83,83,83,83,83,84,84,84,85,85,85,85,85,85,86,86,86,87,87,87,87,87,87,87,87,87,87,87,88,88,88,88,88,89,89,89,89,89,89,89,89,89,89,89,89,89,89,90,91,91,91,91,91,92,92,92,92,92,92,92,92,92,92,92,92,92,92,92,93,93,93,93,93,93,93,93,93,93,93,93,93,94,95,95,95,95,95,95,95,95,95,95
34,53,54,55,56,57,57,58,58,59,60,61,61,62,63,64,64,64,64,64,64,64,65,65,65,66,66,67,68,68,69,69,69,69,69,69,69,70,70,71,71,72,73,73,74,74,74,74,74,74,74,74,74,75,75,76,76,77,77,77,78,78,78,78,78,78,78,78,78,78,79,79,79,79,79,79,79,79,80,80,80,81,81,81,82,82,82,83,83,83,83,83,83,83,83,83,83,83,83,83,83,83,83,83,84,84,84,84,84,84,84,84,84,84,84,84,84,84,85,85,85,85,85,85,85,85,85,85,85,85,85,85,85,85,85,85,85,85,85,85,85,86,86,87,88,88,88,89,90,90,91,91,91,91,91,92,92,93,93,93,93,94,94,94,94,94,94,94,94,94,94,94,94,94,94,94,94,94,94,95,95,95,95,95,95,95,95,95,96,96,96,96,96,96,96,96,96,96,96,96,96,96
35,49,50,50,51,51,52,52,53,54,55,55,56,56,57,57,58,58,58,59,59,59,59,60,61,62,63,63,64,64,65,66,66,66,66,67,67,67,68,68,69,69,70,71,71,71,71,71,72,72,72,72,72,73,73,73,73,73,74,74,74,74,74,74,75,75,75,76,77,77,77,77,78,78,79,79,79,79,79,80,80,81,82,83,83,83,83,83,83,83,84,84,84,84,84,85,85,85,85,85,86,86,86,87,87,87,87,87,88,88,88,88,88,88,88,88,88,88,89,89,89,89,90,90,90,90,90,90,90,90,90,91,92,93,93,93,93,93,93,93,94,94,94,94,94,94,94,94,94,94,94,94,94,94,94,94,95,95,95,95,96,96,96,96,96,96,96,96,96,96,96,96,96,96,96,96,96,96,96,96,96,96,96,96,96,96,96,96,96,96,96,96,96,96,96,96,96,96,96,96,96,96
36,46,47,48,48,49,50,50,50,51,52,53,54,54,55,55,55,55,55,56,56,56,56,57,57,58,58,59,60,60,60,61,62,63,63,63,63,63,63,63,63,64,64,64,64,65,65,65,66,66,67,68,68,68,69,69,69,69,69,70,70,70,71,72,72,72,72,72,73,73,73,73,73,74,74,74,74,75,75,75,76,76,77,77,77,77,78,78,78,79,79,79,80,80,80,80,81,81,81,82,82,82,82,82,82,82,82,83,83,83,84,84,84,84,84,84,84,85,85,86,87,87,87,87,87,88,88,88,88,88,88,88,88,88,88,88,88,88,88,88,88,88,88,88,88,89,89,90,90,90,90,90,90,90,90,90,90,90,91,91,91,91,91,91,91,91,91,91,91,91,91,91,91,91,91,91,91,91,91,91,92,92,92,92,92,92,92,92,92,92,92,92,92,92,92,92,92,92,92,93,93,93
37,46,47,47,47,48,48,49,50,50,51,51,51,51,52,53,53,54,54,55,55,55,55,55,56,57,58,58,58,59,59,60,60,60,60,61,62,62,63,63,63,63,63,63,63,63,63,64,65,65,65,65,65,65,65,65,65,65,65,66,66,67,67,68,68,69,69,69,69,69,69,70,70,71,71,71,72,72,73,73,74,74,74,74,75,75,76,76,76,76,76,76,76,76,76,76,76,76,76,76,76,76,77,78,78,78,78,78,79,79,79,80,80,81,82,82,83,84,84,84,84,84,84,84,84,85,85,85,85,85,85,85,85,85,86,87,87,87,87,88,88,88,88,88,88,88,88,88,88,88,88,88,88,88,89,89,89,89,89,89,89,89,89,89,89,89,89,89,89,89,89,89,89,89,89,90,90,90,90,90,90,90,90,90,90,91,91,91,91,91,91,91,92,92,92,92,93,93,93,93,93,93
38,52,53,54,54,54,54,55,56,57,57,58,58,58,59,60,60,60,61,61,61,61,61,61,62,62,63,64,64,65,65,66,66,66,66,66,67,67,67,67,67,67,67,67,68,68,68,68,69,69,70,70,71,71,72,73,73,73,73,73,74,74,75,75,76,77,77,77,77,77,77,78,78,78,78,78,78,78,79,79,80,80,80,80,81,81,81,81,81,81,81,81,82,82,82,82,82,82,82,83,83,83,83,83,84,84,84,85,85,85,85,85,85,85,85,85,86,86,86,86,86,86,87,87,87,87,87,87,87,87,87,87,88,88,88,88,88,88,88,88,88,88,88,88,88,88,88,88,88,88,88,89,89,89,89,89,89,89,90,91,91,91,91,91,91,91,91,91,91,91,91,91,91,91,91,92,92,92,92,92,92,92,92,93,93,93,93,93,94,94,94,94,94,94,94,94,94,94,94,94,94,94
39,54,55,56,56,56,56,57,57,57,57,58,58,58,59,59,60,61,62,63,64,65,65,65,66,67,67,67,68,69,69,69,69,70,70,71,71,71,71,71,71,71,71,72,72,73,73,73,73,73,73,74,75,75,76,77,77,77,77,78,78,78,78,78,78,78,79,80,80,80,80,80,80,80,80,80,80,80,80,80,80,81,81,81,81,81,81,82,82,83,83,83,83,83,84,84,84,84,84,84,84,85,86,86,86,86,86,86,87,87,87,87,87,87,87,87,87,87,87,87,87,87,87,87,87,87,87,87,87,87,88,88,89,89,89,90,90,90,90,90,91,91,91,91,91,91,91,91,91,91,91,91,91,91,91,91,91,91,91,91,91,91,91,91,91,91,91,91,91,91,91,91,92,92,92,92,93,93,93,93,93,93,93,93,93,93,93,93,93,93,93,93,93,93,93,93,94,94,94,94,94,94
40,42,43,44,45,46,47,47,48,48,48,49,49,50,50,51,52,52,52,52,52,52,53,54,54,55,55,55,56,57,58,58,59,60,60,61,61,61,61,61,61,61,62,62,62,63,63,63,63,64,64,64,64,64,64,64,64,65,65,66,67,67,67,67,67,67,68,68,68,68,68,68,68,68,68,69,69,70,71,71,71,71,71,72,72,72,72,73,73,73,73,73,73,73,73,73,74,75,75,75,75,75,75,75,75,75,76,76,76,77,77,77,77,77,77,78,78,78,78,78,78,78,78,79,79,79,79,79,80,80,80,80,80,80,80,80,80,81,82,82,82,82,82,82,82,82,82,83,83,83,83,83,83,83,83,83,84,84,84,84,84,84,84,84,84,85,85,86,86,86,86,86,86,86,86,86,86,86,86,86,86,86,86,86,86,86,86,86,86,87,87,87,88,88,88,88,88,88,88,88,88,88
41,43,43,44,44,44,45,46,46,46,46,47,48,49,49,50,50,51,52,52,52,53,54,54,54,54,55,55,56,56,57,57,58,58,59,59,59,60,61,62,63,63,64,65,65,65,65,65,66,67,67,68,68,69,69,69,69,69,69,70,71,72,73,73,73,73,73,73,73,73,74,74,75,75,75,75,75,75,75,75,75,75,75,76,77,77,78,78,79,79,80,80,80,80,81,81,81,81,81,81,81,81,82,82,82,82,83,84,84,84,84,84,84,84,84,84,85,85,85,85,85,85,85,85,85,85,85,85,85,85,85,86,86,86,86,86,86,86,86,86,86,86,87,87,87,87,87,87,87,87,87,87,87,87,87,87,88,88,89,89,89,90,90,90,90,90,90,90,91,91,91,91,91,91,91,91,92,92,92,92,92,92,92,93,93,93,93,93,93,93,93,93,93,93,94,94,94,94,94,94,94,94
42,60,61,61,62,62,63,63,64,64,65,65,65,65,66,67,68,68,69,70,71,72,72,72,73,73,74,74,75,76,76,76,77,78,78,78,78,79,79,79,79,79,80,80,80,80,80,80,80,80,80,80,80,81,81,81,81,81,81,81,81,81,81,81,81,81,81,81,81,82,82,83,83,84,85,85,85,85,85,86,86,86,86,86,86,86,86,86,86,86,86,86,86,87,87,87,87,87,87,87,87,87,87,87,87,87,87,88,88,88,88,88,88,89,89,89,89,89,89,89,89,89,90,90,90,90,90,90,90,90,90,90,90,90,90,90,90,90,90,90,90,91,91,91,92,92,92,93,93,93,93,93,93,93,93,93,93,93,93,93,93,93,93,93,93,93,93,93,93,93,93,93,93,93,93,93,93,93,93,93,93,93,93,93,94,94,94,94,94,94,94,94,94,94,94,94,94,94,94,94,94,94
43,52,52,52,52,53,54,54,55,55,56,56,56,56,56,56,56,56,56,57,58,59,60,61,61,61,61,61,62,62,62,62,62,63,63,63,63,63,63,64,64,65,65,65,66,66,66,67,67,67,68,68,68,69,70,71,71,71,72,72,73,73,73,73,74,74,74,74,75,75,75,75,75,75,75,76,77,77,78,78,78,78,78,78,78,78,79,79,80,80,81,81,82,82,82,82,82,82,82,83,83,83,83,83,83,83,83,83,83,83,83,83,83,84,84,84,85,85,85,85,85,85,85,85,86,86,86,86,86,86,86,86,86,86,86,87,87,87,87,87,87,87,87,87,88,88,89,89,89,89,89,90,90,90,90,90,90,90,90,90,90,90,91,91,91,91,92,93,93,93,93,93,93,93,93,93,93,93,93,93,93,93,93,93,93,93,93,93,93,93,93,93,93,93,93,93,93,93,93,93,93,93
44,46,47,47,48,49,49,50,50,51,51,51,52,53,53,54,55,55,55,55,56,57,58,59,59,59,60,61,61,61,62,62,63,63,63,63,63,63,63,63,63,64,65,65,66,67,68,69,69,70,70,70,71,71,71,72,73,74,75,75,75,75,76,76,76,76,76,76,76,76,77,77,78,78,78,78,78,78,79,79,79,79,79,79,79,79,79,79,79,80,80,80,80,80,80,80,80,80,80,80,80,80,80,80,81,81,82,82,82,83,83,83,83,83,83,84,84,85,85,86,86,86,86,86,87,87,88,88,88,88,88,88,88,88,88,88,88,88,89,89,89,89,89,89,89,89,89,89,89,89,89,89,89,89,89,89,89,89,89,89,89,89,89,89,89,89,89,89,89,89,89,89,89,89,89,89,89,90,90,90,90,90,90,90,90,90,90,91,91,91,91,91,91,91,91,91,91,91,91,91,91,91
45,45,45,46,46,47,47,47,47,48,48,49,49,49,50,51,52,53,54,54,54,54,54,54,54,54,55,55,55,56,56,56,57,57,57,58,58,59,59,60,61,62,63,63,64,64,64,65,65,65,65,66,67,68,69,70,70,70,70,71,71,72,72,72,72,73,73,73,73,73,73,73,73,74,74,75,75,76,76,76,76,77,77,78,78,78,78,78,78,78,79,80,81,82,82,82,82,83,83,83,84,84,85,85,86,86,86,87,87,87,87,87,87,87,87,87,87,87,87,87,87,87,87,87,87,88,88,88,88,88,88,88,88,89,89,89,90,90,90,90,91,91,91,91,91,91,91,91,91,91,92,92,93,93,93,93,93,93,93,93,93,93,93,93,93,93,93,93,93,93,93,93,93,93,93,93,93,93,93,93,93,93,93,93,93,93,93,93,93,93,93,93,93,93,93,93,94,94,94,94,94,94
46,38,38,38,39,40,41,41,41,42,43,44,45,46,46,47,47,47,48,49,50,50,51,52,53,53,54,54,55,56,56,57,58,59,59,59,59,59,59,60,61,61,61,62,63,64,64,65,65,65,66,67,67,68,68,68,69,69,69,69,70,70,71,71,71,71,71,71,71,71,72,72,72,73,73,74,74,74,74,74,74,75,75,76,76,76,76,76,76,77,77,77,78,78,78,78,79,79,79,79,79,79,80,81,82,83,84,85,86,86,86,86,87,88,88,88,88,88,88,88,88,88,88,88,88,88,89,89,90,90,90,90,90,90,90,90,90,90,90,90,90,90,90,91,91,91,91,91,91,91,91,91,92,92,92,92,92,92,92,92,92,92,92,92,92,92,92,92,93,93,93,93,93,93,93,93,93,93,93,93,93,93,93,93,93,93,93,93,93,93,93,93,93,93,93,93,93,93,93,93,94,94
47,55,55,56,56,56,56,56,57,57,58,59,60,61,62,62,62,63,63,64,64,65,65,65,66,67,68,69,69,69,69,69,69,69,69,70,70,71,72,72,73,74,74,75,75,75,75,75,75,76,76,77,77,77,77,78,79,79,79,79,79,79,79,79,79,79,79,79,79,79,79,79,79,79,79,79,79,79,79,79,80,80,80,80,80,80,80,80,80,80,80,80,80,80,81,81,81,81,82,82,82,82,83,84,84,84,84,84,84,84,84,84,84,84,84,85,85,85,86,86,87,88,88,88,88,88,89,89,89,89,89,90,90,90,90,90,90,90,90,90,90,90,91,91,91,91,91,91,92,92,92,92,92,92,92,92,92,92,92,92,92,92,92,92,92,92,92,92,92,92,92,92,92,93,93,93,93,93,93,93,93,93,93,93,93,93,94,94,94,94,94,94,94,94,94,94,94,94,94,94,94,94
48,55,55,55,55,55,56,56,56,57,57,58,58,58,58,58,58,58,59,59,60,60,60,60,61,61,61,61,61,62,62,63,63,64,64,64,64,65,65,66,66,66,67,68,68,68,68,69,70,70,71,72,72,72,72,72,72,72,73,74,74,75,75,75,76,76,76,76,76,76,77,77,77,77,77,77,78,79,79,79,79,79,79,79,79,79,79,79,79,79,80,80,80,80,81,81,81,81,81,81,81,81,81,81,81,81,82,83,83,83,83,83,83,83,83,84,84,84,84,85,85,86,86,86,86,86,86,86,86,87,87,87,87,87,87,87,87,87,87,88,88,88,88,89,89,89,89,89,89,89,89,89,89,89,89,89,89,89,89,89,90,91,92,92,92,92,92,92,92,92,92,93,93,93,93,93,93,94,94,94,94,94,94,94,94,94,94,94,94,94,94,95,95,95,95,96,96,96,96,96,96,96
49,47,48,49,50,51,52,53,54,54,55,55,56,57,57,58,59,60,60,60,60,60,60,60,61,61,62,62,62,62,62,63,64,65,65,65,65,65,65,65,65,65,65,65,65,66,66,66,66,66,66,66,67,67,68,69,69,69,69,69,69,70,70,70,71,71,71,71,72,73,73,73,73,74,74,74,75,75,75,75,75,75,76,76,77,78,78,79,79,79,80,80,81,81,81,81,81,81,81,81,82,82,83,84,84,84,84,84,84,84,85,85,85,85,85,85,86,86,86,86,87,87,87,87,87,87,87,87,88,88,88,88,88,88,88,89,89,89,89,89,89,89,89,89,89,89,89,89,89,89,89,90,90,90,90,90,90,90,90,90,90,90,90,90,90,90,90,90,90,90,90,90,90,90,90,90,90,90,90,90,90,90,90,90,90,90,91,91,91,91,91,91,91,92,92,92,92,92,92,92,92,92
50,47,47,48,49,50,50,50,50,51,52,52,52,53,54,54,55,55,56,57,57,57,57,57,58,58,58,59,59,59,59,59,59,59,59,59,60,60,60,61,62,62,62,62,62,63,63,63,63,64,64,65,65,66,67,67,68,68,68,68,68,68,68,69,69,69,70,70,71,72,72,72,72,72,72,73,73,73,73,73,73,74,74,74,74,75,75,75,76,77,77,77,77,77,77,77,78,78,78,78,78,78,78,79,79,79,79,79,79,79,80,80,80,80,80,80,80,80,80,80,81,81,81,81,81,81,82,82,82,82,82,82,82,82,83,84,84,85,85,85,86,86,86,87,87,87,88,88,88,88,88,88,88,89,89,89,89,89,89,89,89,89,89,89,89,89,89,89,89,89,89,89,89,89,89,89,89,89,89,89,89,89,89,89,89,89,89,89,89,89,89,89,89,89,89,89,89,89,89,89,89,89
51,53,54,54,55,56,57,57,58,59,60,61,61,61,61,62,63,63,64,65,65,65,65,65,66,66,66,67,67,67,68,68,68,69,69,69,69,70,71,71,72,72,73,73,73,74,74,75,76,76,76,77,77,77,77,77,77,77,77,77,78,79,80,81,81,81,81,81,81,81,81,82,82,82,82,82,82,82,82,82,82,82,82,82,82,82,82,82,82,82,82,82,83,83,84,84,84,84,84,84,84,84,84,84,84,84,85,85,86,87,87,87,87,87,87,88,88,88,88,88,88,88,88,88,89,89,89,89,90,90,90,91,91,91,91,91,91,91,91,91,91,91,92,92,92,92,92,92,92,92,92,92,92,92,92,93,93,94,94,94,94,94,95,95,95,96,96,96,96,96,96,96,96,96,96,96,96,96,96,96,96,96,96,96,96,96,96,96,97,97,97,97,97,97,97,97,97,97,97,97,97,97
